model,accuracy,precision,recall,f1,roc_auc,fold
XGBoost,0.6725,0.6912225705329154,0.6923076923076923,0.691764705882353,0.7459923988723786,1
XGBoost,0.7058333333333333,0.7140695915279879,0.7421383647798742,0.7278334618350039,0.7638916767027968,2
XGBoost,0.6841666666666667,0.6973886328725039,0.7138364779874213,0.7055167055167055,0.76057417815246,3
XGBoost,0.6858333333333333,0.7045813586097947,0.7012578616352201,0.7029156816390859,0.7592109371515232,4
XGBoost,0.6808333333333333,0.6967340590979783,0.7044025157232704,0.7005473025801408,0.7494508006601543,5
