model,accuracy,precision,recall,f1,roc_auc,fold
MLP,0.6766666666666666,0.6936236391912908,0.7001569858712716,0.696875,0.7270369823021434,1
MLP,0.6775,0.6979332273449921,0.690251572327044,0.6940711462450593,0.7403736785762076,2
MLP,0.675,0.6644385026737968,0.7814465408805031,0.7182080924855492,0.7494117712654446,3
MLP,0.685,0.6853448275862069,0.75,0.7162162162162162,0.7458489450912174,4
MLP,0.6833333333333333,0.7091503267973857,0.6823899371069182,0.6955128205128205,0.7455785271421562,5
